,pagerank,eigenvector,katz,betweenness,closeness,degree,in_degree,out_degree,node_id,year
0,0.9649377002838866,0.8757694379879339,0.9831841197967064,0.0,0.5760368663594468,0.6666666666666666,0.8333333333333333,0.6666666666666666,200,1864
1,1.0,1.0,1.0,1.0,0.9999999999999998,0.9999999999999999,1.0,0.9999999999999999,220,1864
2,0.267474459257064,0.3284611613302091,0.48032980419050486,0.0,0.28957528957528966,0.16666666666666666,0.3333333333333333,0.0,255,1864
3,0.3130468839966551,0.6302199275175152,0.5774047178408035,0.25,0.7653061224489794,0.5,0.3333333333333333,0.5,300,1864
4,0.3494392894130945,0.49793491975826587,0.6322201032751824,0.0,0.5760368663594468,0.33333333333333337,0.5,0.16666666666666666,365,1864
5,0.5183375359696956,0.6707968994653767,0.7335800915009348,0.8333333333333333,0.9157509157509158,0.6666666666666666,0.8333333333333333,0.16666666666666666,640,1864
6,0.0,0.0,0.0,0.0,0.1785714285714286,0.0,0.0,0.0,210,1864
7,0.13671727421877333,0.15924466023505388,0.29122474095089573,0.0,0.0,0.0,0.16666666666666666,0.0,225,1864
8,0.13671727421877333,0.30321735000965044,0.29122474095089573,0.0,0.4201680672268906,0.16666666666666666,0.16666666666666666,0.16666666666666666,230,1864
