,pagerank,eigenvector,katz,betweenness,closeness,degree,in_degree,out_degree,node_id,year
0,0.7957552882944124,0.95281575308098,0.9919252018699534,0.07547169811320754,0.774193548387097,0.8,0.8333333333333333,0.8,200,1874
1,1.0,1.0,1.0000000000000002,0.6037735849056604,1.0,1.0000000000000002,1.0,1.0000000000000002,220,1874
2,0.6142951982975834,0.7760052917120579,0.8594507012324695,0.018867924528301886,0.30000000000000027,0.6000000000000001,0.6666666666666666,0.6000000000000001,255,1874
3,0.6371913731601461,0.7827130136188607,0.8441617084572887,0.056603773584905655,0.5882352941176472,0.6000000000000001,0.6666666666666666,0.6000000000000001,300,1874
4,0.6371913731601461,0.7827130136188607,0.8441617084572887,0.056603773584905655,0.5882352941176472,0.6000000000000001,0.6666666666666666,0.6000000000000001,365,1874
5,0.7678535173424065,0.8192587846960075,0.7779094064315061,1.0,1.0,1.0000000000000002,1.0,0.6000000000000001,640,1874
6,0.0,0.0,0.0,0.0,0.22222222222222232,0.0,0.0,0.0,210,1874
7,0.0,0.0,0.0,0.0,0.22222222222222232,0.0,0.0,0.0,211,1874
8,0.15446282109000253,0.11279535131719737,0.23884402889927756,0.0,0.0,0.0,0.16666666666666666,0.0,230,1874
