,pagerank,eigenvector,katz,betweenness,closeness,degree,in_degree,out_degree,node_id,year
0,0.5300632843997858,0.8282446894662907,0.8443922489724015,0.0196078431372549,0.3015873015873015,0.42857142857142855,0.5,0.4000000000000001,200,1844
1,1.0,1.0,0.9999999999999999,1.0,1.0,1.0,1.0,1.0000000000000002,220,1844
2,0.5300632843997858,0.8282446894662907,0.8443922489724015,0.0196078431372549,0.3015873015873015,0.42857142857142855,0.5,0.4000000000000001,300,1844
3,0.488947277058815,0.7425739788051057,0.7997651203758073,0.0,0.19191919191919193,0.2857142857142857,0.375,0.4000000000000001,640,1844
4,0.15105043050169614,0.27953254798183247,0.29770992366412213,0.0,0.0,0.0,0.125,0.0,211,1844
5,0.15105043050169614,0.27953254798183247,0.29770992366412213,0.0,0.0,0.0,0.125,0.0,325,1844
6,0.15105043050169614,0.5882268351973481,0.29770992366412213,0.0,0.2626728110599078,0.2857142857142857,0.125,0.4000000000000001,365,1844
7,0.0,0.09317751599394415,0.0,0.0,0.48717948717948734,0.0,0.0,0.0,225,1844
8,0.0,0.0,0.0,0.0,1.0,0.0,0.0,0.0,329,1844
