,pagerank,eigenvector,katz,betweenness,closeness,degree,in_degree,out_degree,node_id,year
0,0.5234933317356734,0.5605566017617853,0.6195424765983362,0.0,0.04241071428571419,0.2,0.3333333333333333,0.5,200,1859
1,0.9999999999999999,0.9999999999999998,1.0,1.0,0.9999999999999998,1.0,1.0,1.0,220,1859
2,0.38198166355871177,0.6402174162561691,0.47146126570342506,0.5833333333333333,0.7755102040816324,0.6000000000000001,0.5,0.5,640,1859
3,0.2995293846184024,0.6192635029325788,0.38905204844365426,0.16666666666666666,0.3653846153846152,0.39999999999999997,0.16666666666666666,1.0,300,1859
4,0.38615291447391575,0.44886130874442626,0.5262304904281547,0.0,0.0875576036866359,0.2,0.3333333333333333,0.0,365,1859
5,0.0,0.08979531317437561,0.0,0.0,0.0875576036866359,0.0,0.0,0.0,225,1859
6,0.0,0.08979531317437561,0.0,0.0,0.0875576036866359,0.0,0.0,0.0,230,1859
7,0.0,0.0,0.0,0.0,0.0,0.0,0.0,0.0,325,1859
